Parent Assistant,Subfolder,Full Path,Action,Reason
AssistantLaunchPack,archives,AssistantLaunchPack/archives,Review,"Non-standard, possible custom or duplicate"
AssistantLaunchPack,v1.6,AssistantLaunchPack/v1.6,Review,"Non-standard, possible custom or duplicate"
AssistantLaunchPack,v1.1,AssistantLaunchPack/v1.1,Review,"Non-standard, possible custom or duplicate"
AssistantLaunchPack,.git,AssistantLaunchPack/.git,Review,"Non-standard, possible custom or duplicate"
AssistantLaunchPack,v1.4,AssistantLaunchPack/v1.4,Review,"Non-standard, possible custom or duplicate"
AssistantLaunchPack,v1.3,AssistantLaunchPack/v1.3,Review,"Non-standard, possible custom or duplicate"
AssistantLaunchPack,v1.2,AssistantLaunchPack/v1.2,Review,"Non-standard, possible custom or duplicate"
AssistantLaunchPack,v1.5,AssistantLaunchPack/v1.5,Review,"Non-standard, possible custom or duplicate"
AssistantLaunchPack,tabs,AssistantLaunchPack/v1.6/tabs,Keep,Standard structure
AssistantLaunchPack,audit,AssistantLaunchPack/v1.6/audit,Keep,Standard structure
AssistantLaunchPack,handoffs,AssistantLaunchPack/v1.6/handoffs,Review,"Non-standard, possible custom or duplicate"
AssistantLaunchPack,idea_log,AssistantLaunchPack/v1.6/idea_log,Review,"Non-standard, possible custom or duplicate"
AssistantLaunchPack,tabs,AssistantLaunchPack/v1.1/tabs,Keep,Standard structure
AssistantLaunchPack,audit,AssistantLaunchPack/v1.1/audit,Keep,Standard structure
AssistantLaunchPack,handoffs,AssistantLaunchPack/v1.1/handoffs,Review,"Non-standard, possible custom or duplicate"
AssistantLaunchPack,idea_log,AssistantLaunchPack/v1.1/idea_log,Review,"Non-standard, possible custom or duplicate"
AssistantLaunchPack,objects,AssistantLaunchPack/.git/objects,Review,"Non-standard, possible custom or duplicate"
AssistantLaunchPack,info,AssistantLaunchPack/.git/info,Review,"Non-standard, possible custom or duplicate"
AssistantLaunchPack,logs,AssistantLaunchPack/.git/logs,Review,"Non-standard, possible custom or duplicate"
AssistantLaunchPack,hooks,AssistantLaunchPack/.git/hooks,Review,"Non-standard, possible custom or duplicate"
AssistantLaunchPack,refs,AssistantLaunchPack/.git/refs,Review,"Non-standard, possible custom or duplicate"
AssistantLaunchPack,0d,AssistantLaunchPack/.git/objects/0d,Review,"Non-standard, possible custom or duplicate"
AssistantLaunchPack,92,AssistantLaunchPack/.git/objects/92,Review,"Non-standard, possible custom or duplicate"
AssistantLaunchPack,03,AssistantLaunchPack/.git/objects/03,Review,"Non-standard, possible custom or duplicate"
AssistantLaunchPack,9b,AssistantLaunchPack/.git/objects/9b,Review,"Non-standard, possible custom or duplicate"
AssistantLaunchPack,0e,AssistantLaunchPack/.git/objects/0e,Review,"Non-standard, possible custom or duplicate"
AssistantLaunchPack,34,AssistantLaunchPack/.git/objects/34,Review,"Non-standard, possible custom or duplicate"
AssistantLaunchPack,5a,AssistantLaunchPack/.git/objects/5a,Review,"Non-standard, possible custom or duplicate"
AssistantLaunchPack,05,AssistantLaunchPack/.git/objects/05,Review,"Non-standard, possible custom or duplicate"
AssistantLaunchPack,b5,AssistantLaunchPack/.git/objects/b5,Review,"Non-standard, possible custom or duplicate"
AssistantLaunchPack,ac,AssistantLaunchPack/.git/objects/ac,Review,"Non-standard, possible custom or duplicate"
AssistantLaunchPack,da,AssistantLaunchPack/.git/objects/da,Review,"Non-standard, possible custom or duplicate"
AssistantLaunchPack,b4,AssistantLaunchPack/.git/objects/b4,Review,"Non-standard, possible custom or duplicate"
AssistantLaunchPack,a2,AssistantLaunchPack/.git/objects/a2,Review,"Non-standard, possible custom or duplicate"
AssistantLaunchPack,bc,AssistantLaunchPack/.git/objects/bc,Review,"Non-standard, possible custom or duplicate"
AssistantLaunchPack,d8,AssistantLaunchPack/.git/objects/d8,Review,"Non-standard, possible custom or duplicate"
AssistantLaunchPack,ab,AssistantLaunchPack/.git/objects/ab,Review,"Non-standard, possible custom or duplicate"
AssistantLaunchPack,ee,AssistantLaunchPack/.git/objects/ee,Review,"Non-standard, possible custom or duplicate"
AssistantLaunchPack,e3,AssistantLaunchPack/.git/objects/e3,Review,"Non-standard, possible custom or duplicate"
AssistantLaunchPack,c6,AssistantLaunchPack/.git/objects/c6,Review,"Non-standard, possible custom or duplicate"
AssistantLaunchPack,4e,AssistantLaunchPack/.git/objects/4e,Review,"Non-standard, possible custom or duplicate"
AssistantLaunchPack,20,AssistantLaunchPack/.git/objects/20,Review,"Non-standard, possible custom or duplicate"
AssistantLaunchPack,pack,AssistantLaunchPack/.git/objects/pack,Review,"Non-standard, possible custom or duplicate"
AssistantLaunchPack,45,AssistantLaunchPack/.git/objects/45,Review,"Non-standard, possible custom or duplicate"
AssistantLaunchPack,1f,AssistantLaunchPack/.git/objects/1f,Review,"Non-standard, possible custom or duplicate"
AssistantLaunchPack,73,AssistantLaunchPack/.git/objects/73,Review,"Non-standard, possible custom or duplicate"
AssistantLaunchPack,8f,AssistantLaunchPack/.git/objects/8f,Review,"Non-standard, possible custom or duplicate"
AssistantLaunchPack,8a,AssistantLaunchPack/.git/objects/8a,Review,"Non-standard, possible custom or duplicate"
AssistantLaunchPack,19,AssistantLaunchPack/.git/objects/19,Review,"Non-standard, possible custom or duplicate"
AssistantLaunchPack,86,AssistantLaunchPack/.git/objects/86,Review,"Non-standard, possible custom or duplicate"
AssistantLaunchPack,72,AssistantLaunchPack/.git/objects/72,Review,"Non-standard, possible custom or duplicate"
AssistantLaunchPack,88,AssistantLaunchPack/.git/objects/88,Review,"Non-standard, possible custom or duplicate"
AssistantLaunchPack,38,AssistantLaunchPack/.git/objects/38,Review,"Non-standard, possible custom or duplicate"
AssistantLaunchPack,9a,AssistantLaunchPack/.git/objects/9a,Review,"Non-standard, possible custom or duplicate"
AssistantLaunchPack,5d,AssistantLaunchPack/.git/objects/5d,Review,"Non-standard, possible custom or duplicate"
AssistantLaunchPack,31,AssistantLaunchPack/.git/objects/31,Review,"Non-standard, possible custom or duplicate"
AssistantLaunchPack,info,AssistantLaunchPack/.git/objects/info,Review,"Non-standard, possible custom or duplicate"
AssistantLaunchPack,65,AssistantLaunchPack/.git/objects/65,Review,"Non-standard, possible custom or duplicate"
AssistantLaunchPack,5e,AssistantLaunchPack/.git/objects/5e,Review,"Non-standard, possible custom or duplicate"
AssistantLaunchPack,08,AssistantLaunchPack/.git/objects/08,Review,"Non-standard, possible custom or duplicate"
AssistantLaunchPack,97,AssistantLaunchPack/.git/objects/97,Review,"Non-standard, possible custom or duplicate"
AssistantLaunchPack,64,AssistantLaunchPack/.git/objects/64,Review,"Non-standard, possible custom or duplicate"
AssistantLaunchPack,90,AssistantLaunchPack/.git/objects/90,Review,"Non-standard, possible custom or duplicate"
AssistantLaunchPack,bf,AssistantLaunchPack/.git/objects/bf,Review,"Non-standard, possible custom or duplicate"
AssistantLaunchPack,b8,AssistantLaunchPack/.git/objects/b8,Review,"Non-standard, possible custom or duplicate"
AssistantLaunchPack,b1,AssistantLaunchPack/.git/objects/b1,Review,"Non-standard, possible custom or duplicate"
AssistantLaunchPack,b6,AssistantLaunchPack/.git/objects/b6,Review,"Non-standard, possible custom or duplicate"
AssistantLaunchPack,b0,AssistantLaunchPack/.git/objects/b0,Review,"Non-standard, possible custom or duplicate"
AssistantLaunchPack,c3,AssistantLaunchPack/.git/objects/c3,Review,"Non-standard, possible custom or duplicate"
AssistantLaunchPack,e1,AssistantLaunchPack/.git/objects/e1,Review,"Non-standard, possible custom or duplicate"
AssistantLaunchPack,cd,AssistantLaunchPack/.git/objects/cd,Review,"Non-standard, possible custom or duplicate"
AssistantLaunchPack,cc,AssistantLaunchPack/.git/objects/cc,Review,"Non-standard, possible custom or duplicate"
AssistantLaunchPack,e8,AssistantLaunchPack/.git/objects/e8,Review,"Non-standard, possible custom or duplicate"
AssistantLaunchPack,ff,AssistantLaunchPack/.git/objects/ff,Review,"Non-standard, possible custom or duplicate"
AssistantLaunchPack,e7,AssistantLaunchPack/.git/objects/e7,Review,"Non-standard, possible custom or duplicate"
AssistantLaunchPack,f8,AssistantLaunchPack/.git/objects/f8,Review,"Non-standard, possible custom or duplicate"
AssistantLaunchPack,ce,AssistantLaunchPack/.git/objects/ce,Review,"Non-standard, possible custom or duplicate"
AssistantLaunchPack,2c,AssistantLaunchPack/.git/objects/2c,Review,"Non-standard, possible custom or duplicate"
AssistantLaunchPack,48,AssistantLaunchPack/.git/objects/48,Review,"Non-standard, possible custom or duplicate"
AssistantLaunchPack,8d,AssistantLaunchPack/.git/objects/8d,Review,"Non-standard, possible custom or duplicate"
AssistantLaunchPack,82,AssistantLaunchPack/.git/objects/82,Review,"Non-standard, possible custom or duplicate"
AssistantLaunchPack,49,AssistantLaunchPack/.git/objects/49,Review,"Non-standard, possible custom or duplicate"
AssistantLaunchPack,2e,AssistantLaunchPack/.git/objects/2e,Review,"Non-standard, possible custom or duplicate"
AssistantLaunchPack,8b,AssistantLaunchPack/.git/objects/8b,Review,"Non-standard, possible custom or duplicate"
AssistantLaunchPack,refs,AssistantLaunchPack/.git/logs/refs,Review,"Non-standard, possible custom or duplicate"
AssistantLaunchPack,heads,AssistantLaunchPack/.git/refs/heads,Review,"Non-standard, possible custom or duplicate"
AssistantLaunchPack,tags,AssistantLaunchPack/.git/refs/tags,Review,"Non-standard, possible custom or duplicate"
AssistantLaunchPack,remotes,AssistantLaunchPack/.git/refs/remotes,Review,"Non-standard, possible custom or duplicate"
AssistantLaunchPack,tabs,AssistantLaunchPack/v1.4/tabs,Keep,Standard structure
AssistantLaunchPack,audit,AssistantLaunchPack/v1.4/audit,Keep,Standard structure
AssistantLaunchPack,handoffs,AssistantLaunchPack/v1.4/handoffs,Review,"Non-standard, possible custom or duplicate"
AssistantLaunchPack,idea_log,AssistantLaunchPack/v1.4/idea_log,Review,"Non-standard, possible custom or duplicate"
AssistantLaunchPack,tabs,AssistantLaunchPack/v1.3/tabs,Keep,Standard structure
AssistantLaunchPack,audit,AssistantLaunchPack/v1.3/audit,Keep,Standard structure
AssistantLaunchPack,handoffs,AssistantLaunchPack/v1.3/handoffs,Review,"Non-standard, possible custom or duplicate"
AssistantLaunchPack,idea_log,AssistantLaunchPack/v1.3/idea_log,Review,"Non-standard, possible custom or duplicate"
AssistantLaunchPack,tabs,AssistantLaunchPack/v1.2/tabs,Keep,Standard structure
AssistantLaunchPack,audit,AssistantLaunchPack/v1.2/audit,Keep,Standard structure
AssistantLaunchPack,handoffs,AssistantLaunchPack/v1.2/handoffs,Review,"Non-standard, possible custom or duplicate"
AssistantLaunchPack,idea_log,AssistantLaunchPack/v1.2/idea_log,Review,"Non-standard, possible custom or duplicate"
AssistantLaunchPack,tabs,AssistantLaunchPack/v1.5/tabs,Keep,Standard structure
AssistantLaunchPack,audit,AssistantLaunchPack/v1.5/audit,Keep,Standard structure
AssistantLaunchPack,handoffs,AssistantLaunchPack/v1.5/handoffs,Review,"Non-standard, possible custom or duplicate"
AssistantLaunchPack,idea_log,AssistantLaunchPack/v1.5/idea_log,Review,"Non-standard, possible custom or duplicate"
StreamlitAuditGuard,streamlit_audit_guard_v1.2-prebundle,StreamlitAuditGuard/streamlit_audit_guard_v1.2-prebundle,Review,"Non-standard, possible custom or duplicate"
StreamlitAuditGuard,streamlit_audit_guard_v5,StreamlitAuditGuard/streamlit_audit_guard_v5,Review,"Non-standard, possible custom or duplicate"
StreamlitAuditGuard,streamlit_audit_guard_v1.0-final_enhanced,StreamlitAuditGuard/streamlit_audit_guard_v1.0-final_enhanced,Archive,Legacy version or temp variant
StreamlitAuditGuard,zip_files,StreamlitAuditGuard/zip_files,Keep,Standard structure
StreamlitAuditGuard,#StreamlitAuditGuard,StreamlitAuditGuard/#StreamlitAuditGuard,Archive,Legacy version or temp variant
StreamlitAuditGuard,streamlit_audit_guard_v1.0-final,StreamlitAuditGuard/streamlit_audit_guard_v1.0-final,Archive,Legacy version or temp variant
StreamlitAuditGuard,#StreamlitAuditGuard 2,StreamlitAuditGuard/#StreamlitAuditGuard 2,Archive,Legacy version or temp variant
StreamlitAuditGuard,#StreamlitAuditGuard 3,StreamlitAuditGuard/#StreamlitAuditGuard 3,Archive,Legacy version or temp variant
StreamlitAuditGuard,audit,StreamlitAuditGuard/streamlit_audit_guard_v1.2-prebundle/audit,Keep,Standard structure
StreamlitAuditGuard,data,StreamlitAuditGuard/streamlit_audit_guard_v1.2-prebundle/data,Keep,Standard structure
StreamlitAuditGuard,checks,StreamlitAuditGuard/streamlit_audit_guard_v1.2-prebundle/audit/checks,Keep,Standard structure
StreamlitAuditGuard,utils,StreamlitAuditGuard/streamlit_audit_guard_v1.2-prebundle/audit/utils,Keep,Standard structure
StreamlitAuditGuard,reports,StreamlitAuditGuard/streamlit_audit_guard_v1.2-prebundle/audit/reports,Review,"Non-standard, possible custom or duplicate"
StreamlitAuditGuard,audit,StreamlitAuditGuard/streamlit_audit_guard_v5/audit,Keep,Standard structure
StreamlitAuditGuard,data,StreamlitAuditGuard/streamlit_audit_guard_v5/data,Keep,Standard structure
StreamlitAuditGuard,checks,StreamlitAuditGuard/streamlit_audit_guard_v5/audit/checks,Keep,Standard structure
StreamlitAuditGuard,utils,StreamlitAuditGuard/streamlit_audit_guard_v5/audit/utils,Keep,Standard structure
StreamlitAuditGuard,reports,StreamlitAuditGuard/streamlit_audit_guard_v5/audit/reports,Review,"Non-standard, possible custom or duplicate"
StreamlitAuditGuard,audit,StreamlitAuditGuard/streamlit_audit_guard_v1.0-final_enhanced/audit,Keep,Standard structure
StreamlitAuditGuard,data,StreamlitAuditGuard/streamlit_audit_guard_v1.0-final_enhanced/data,Keep,Standard structure
StreamlitAuditGuard,checks,StreamlitAuditGuard/streamlit_audit_guard_v1.0-final_enhanced/audit/checks,Keep,Standard structure
StreamlitAuditGuard,utils,StreamlitAuditGuard/streamlit_audit_guard_v1.0-final_enhanced/audit/utils,Keep,Standard structure
StreamlitAuditGuard,reports,StreamlitAuditGuard/streamlit_audit_guard_v1.0-final_enhanced/audit/reports,Review,"Non-standard, possible custom or duplicate"
StreamlitAuditGuard,audit,StreamlitAuditGuard/streamlit_audit_guard_v1.0-final/audit,Keep,Standard structure
StreamlitAuditGuard,data,StreamlitAuditGuard/streamlit_audit_guard_v1.0-final/data,Keep,Standard structure
StreamlitAuditGuard,checks,StreamlitAuditGuard/streamlit_audit_guard_v1.0-final/audit/checks,Keep,Standard structure
StreamlitAuditGuard,utils,StreamlitAuditGuard/streamlit_audit_guard_v1.0-final/audit/utils,Keep,Standard structure
StreamlitAuditGuard,reports,StreamlitAuditGuard/streamlit_audit_guard_v1.0-final/audit/reports,Review,"Non-standard, possible custom or duplicate"
TerminalColabBuilder,#Terminal-FirstStreamlitBuilder,TerminalColabBuilder/#Terminal-FirstStreamlitBuilder,Archive,Legacy version or temp variant
TerminalColabBuilder,#ColabRevoryLab,TerminalColabBuilder/#ColabRevoryLab,Archive,Legacy version or temp variant
ThreadFullSpecExtractor,interface,ThreadFullSpecExtractor/interface,Review,"Non-standard, possible custom or duplicate"
ThreadFullSpecExtractor,tests,ThreadFullSpecExtractor/tests,Review,"Non-standard, possible custom or duplicate"
ThreadFullSpecExtractor,docs,ThreadFullSpecExtractor/docs,Keep,Standard structure
ThreadFullSpecExtractor,zip_files,ThreadFullSpecExtractor/zip_files,Keep,Standard structure
ThreadFullSpecExtractor,exports,ThreadFullSpecExtractor/exports,Review,"Non-standard, possible custom or duplicate"
ThreadFullSpecExtractor,data,ThreadFullSpecExtractor/data,Keep,Standard structure
ThreadFullSpecExtractor,engine,ThreadFullSpecExtractor/engine,Review,"Non-standard, possible custom or duplicate"
ThreadFullSpecExtractor,validation,ThreadFullSpecExtractor/validation,Review,"Non-standard, possible custom or duplicate"
ThreadFullSpecExtractor,prompt_templates,ThreadFullSpecExtractor/interface/prompt_templates,Review,"Non-standard, possible custom or duplicate"
ThreadFullSpecExtractor,dummy_threads,ThreadFullSpecExtractor/tests/dummy_threads,Review,"Non-standard, possible custom or duplicate"
ThreadRecovery,zip_files,ThreadRecovery/zip_files,Keep,Standard structure
ThreadRecoveryEngine,zip_files,ThreadRecoveryEngine/zip_files,Keep,Standard structure
ThreadRecoveryEngine,Thread_Recovery_Engine_v1.0,ThreadRecoveryEngine/Thread_Recovery_Engine_v1.0,Review,"Non-standard, possible custom or duplicate"
