[
  {
    "file": "README_MASTER.md",
    "size": 385,
    "status": "\u2705",
    "exec_status": ""
  },
  {
    "file": "streamlit_smoothpath_bundle_v1.0/README.md",
    "size": 239,
    "status": "\u2705",
    "exec_status": ""
  },
  {
    "file": "streamlit_smoothpath_bundle_v1.0/run_ui.py",
    "size": 658,
    "status": "\u2705",
    "exec_status": "\u274c Exec Fail: Traceback (most recent call last):\n  File \"/mnt/data/level5_audit_run/streamlit_"
  },
  {
    "file": "streamlit_smoothpath_bundle_v1.0/tabs/tab_sample.py",
    "size": 190,
    "status": "\u2705",
    "exec_status": ""
  },
  {
    "file": "streamlit_shortcut_system_v1.0/README.md",
    "size": 230,
    "status": "\u2705",
    "exec_status": ""
  },
  {
    "file": "streamlit_shortcut_system_v1.0/run_ui.py",
    "size": 658,
    "status": "\u2705",
    "exec_status": "\u274c Exec Fail: Traceback (most recent call last):\n  File \"/mnt/data/level5_audit_run/streamlit_"
  },
  {
    "file": "streamlit_shortcut_system_v1.0/tabs/tab_sample.py",
    "size": 218,
    "status": "\u2705",
    "exec_status": ""
  },
  {
    "file": "streamlit_shortcut_system_v1.1/README.md",
    "size": 199,
    "status": "\u2705",
    "exec_status": ""
  },
  {
    "file": "streamlit_shortcut_system_v1.1/run_ui.py",
    "size": 658,
    "status": "\u2705",
    "exec_status": "\u274c Exec Fail: Traceback (most recent call last):\n  File \"/mnt/data/level5_audit_run/streamlit_"
  },
  {
    "file": "streamlit_shortcut_system_v1.1/tabs/tab_sample.py",
    "size": 261,
    "status": "\u2705",
    "exec_status": ""
  },
  {
    "file": "FileMind_ControlDeck_v1.2-prep/README.md",
    "size": 243,
    "status": "\u2705",
    "exec_status": ""
  },
  {
    "file": "FileMind_ControlDeck_v1.2-prep/run_ui.py",
    "size": 658,
    "status": "\u2705",
    "exec_status": "\u274c Exec Fail: Traceback (most recent call last):\n  File \"/mnt/data/level5_audit_run/FileMind_C"
  },
  {
    "file": "FileMind_ControlDeck_v1.2-prep/tabs/tab_sample.py",
    "size": 204,
    "status": "\u2705",
    "exec_status": ""
  }
]