{
  "notion": {
    "enabled": true,
    "api_key": "your-secret-token",
    "database_id": "your-database-id"
  },
  "google_drive": {
    "enabled": true,
    "service_account_file": "your-service-account.json",
    "folder_id": "your-google-drive-folder-id"
  },
  "slack": {
    "enabled": true,
    "webhook_url": "https://hooks.slack.com/services/your/default/hook"
  },
  "google_calendar": {
    "enabled": true,
    "service_account_file": "your-service-account.json",
    "calendar_id": "primary"
  }
}