[
  {
    "file": "agent_registry.json",
    "size": 626,
    "status": "\u2705",
    "exec_status": ""
  },
  {
    "file": "agent_status.py",
    "size": 44,
    "status": "\u26a0\ufe0f Too Small (44b)",
    "exec_status": "\u2705 Exec OK"
  },
  {
    "file": "monetization_tags.py",
    "size": 935,
    "status": "\u2705",
    "exec_status": "\u2705 Exec OK"
  },
  {
    "file": "assistant_packager.py",
    "size": 1894,
    "status": "\u2705",
    "exec_status": "\u2705 Exec OK"
  },
  {
    "file": "run_ui.py",
    "size": 605,
    "status": "\u2705",
    "exec_status": "\u274c Exec Fail: Traceback (most recent call last):\n  File \"/mnt/data/audit_v15_final/run_ui.py\","
  },
  {
    "file": "version_manifest.json",
    "size": 250,
    "status": "\u2705",
    "exec_status": ""
  },
  {
    "file": "README.md",
    "size": 95,
    "status": "\u26a0\ufe0f Too Small (95b)",
    "exec_status": ""
  },
  {
    "file": "launch_checklist.md",
    "size": 225,
    "status": "\u2705",
    "exec_status": ""
  },
  {
    "file": "tabs/tab_agent_dashboard.py",
    "size": 1743,
    "status": "\u2705",
    "exec_status": ""
  },
  {
    "file": "tabs/filter_panel.py",
    "size": 1297,
    "status": "\u2705",
    "exec_status": ""
  }
]